Id,Income,Age,Experience,Married/Single,House_Ownership,Car_Ownership,Profession,CITY,STATE,CURRENT_JOB_YRS,CURRENT_HOUSE_YRS,Risk_Flag,STATE,COUNT
4,6256451,41,2,single,rented,yes,Software_Developer,Bhubaneswar,Odisha,2,12,1,Maharashtra,72
5,5768871,47,11,single,rented,no,Civil_servant,Tiruchirappalli[10],Tamil_Nadu,3,14,1,Odisha,13
15,9420838,48,6,single,rented,no,Technical_writer,Madurai,Tamil_Nadu,6,10,1,Tamil_Nadu,42
18,3666346,56,12,single,rented,no,Politician,Bhusawal,Maharashtra,12,11,1,Madhya_Pradesh,43
29,8832725,64,5,single,rented,no,Biomedical_Engineer,Pondicherry,Puducherry,5,11,1,Karnataka,26
43,9760667,63,17,single,rented,no,Chartered_Accountant,Khandwa,Madhya_Pradesh,13,12,1,Bihar,44
45,9639445,45,9,single,rented,no,Technician,Bellary,Karnataka,9,10,1,Andhra_Pradesh,55
46,6868118,25,16,single,rented,no,Secretary,Danapur,Bihar,13,13,1,West_Bengal,52
56,1885923,46,16,single,rented,no,Magistrate,Thanjavur,Tamil_Nadu,8,14,1,Telangana,19
57,5554586,39,18,single,rented,no,Software_Developer,Hindupur,Andhra_Pradesh,13,13,1,Jharkhand,24
59,9861298,59,16,single,rented,no,Technical_writer,North_Dumdum,West_Bengal,9,11,1,Haryana,21
62,8773158,58,18,single,rented,yes,Firefighter,Serampore,West_Bengal,5,13,1,Assam,21
75,2116007,24,5,single,rented,yes,Analyst,Suryapet,Telangana,5,13,1,Uttar_Pradesh,57
81,7839236,68,7,single,rented,no,Biomedical_Engineer,Amravati,Maharashtra,7,14,1,Gujarat,19
82,6115704,57,17,single,owned,no,Economist,Deoghar,Jharkhand,12,14,1,Puducherry,2
83,7433875,32,12,single,rented,yes,Fashion_Designer,Chennai,Tamil_Nadu,11,10,1,Jammu_and_Kashmir,4
92,137594,52,10,single,rented,yes,Technical_writer,Sagar,Madhya_Pradesh,7,10,1,Delhi,11
94,8005608,65,8,single,rented,no,Civil_servant,Sonipat,Haryana,8,12,1,,0
100,6275695,66,10,single,rented,no,Architect,Ambarnath,Maharashtra,10,11,1,,0
107,5165629,61,0,single,rented,no,Aviator,North_Dumdum,West_Bengal,0,12,1,,0
116,5522159,22,6,single,rented,no,Computer_hardware_engineer,Anantapur,Andhra_Pradesh,6,12,1,,0
117,4428363,46,11,single,rented,no,Software_Developer,Nagaon,Assam,11,10,1,,0
119,7154493,28,4,single,rented,no,Engineer,Dindigul,Tamil_Nadu,4,13,1,,0
121,8769550,23,13,single,rented,no,Computer_hardware_engineer,Ghaziabad,Uttar_Pradesh,9,10,1,,0
129,46750,33,13,single,rented,yes,Chef,Morbi,Gujarat,10,11,1,,0
131,7187813,47,2,single,rented,no,Flight_attendant,Parbhani,Maharashtra,2,13,1,,0
132,5644262,60,7,single,rented,no,Engineer,Kalyan-Dombivli,Maharashtra,3,11,1,,0
143,4392927,41,2,single,rented,no,Chemical_engineer,Mirzapur,Uttar_Pradesh,2,13,1,,0
153,3775604,46,11,single,rented,no,Surgeon,Proddatur,Andhra_Pradesh,5,11,1,,0
154,8195887,79,16,single,rented,no,Chef,Ichalkaranji,Maharashtra,14,13,1,,0
160,1134496,77,3,single,rented,no,Surgeon,Jehanabad[38],Bihar,3,10,1,,0
165,1856689,46,5,single,rented,yes,Air_traffic_controller,Amravati,Maharashtra,5,12,1,,0
169,8451099,70,4,single,rented,yes,Design_Engineer,Kishanganj[35],Bihar,4,13,1,,0
170,624985,47,11,single,rented,no,Software_Developer,Varanasi,Uttar_Pradesh,6,11,1,,0
173,233888,64,1,single,rented,no,Psychologist,Tumkur,Karnataka,1,10,1,,0
176,6694786,69,17,single,norent_noown,no,Surveyor,Miryalaguda,Telangana,11,11,1,,0
180,9352887,53,6,single,rented,yes,Technical_writer,Muzaffarnagar,Uttar_Pradesh,6,11,1,,0
187,9603186,43,5,single,rented,no,Microbiologist,Munger,Bihar,5,13,1,,0
188,3489049,66,11,single,rented,no,Software_Developer,Tirunelveli,Tamil_Nadu,11,12,1,,0
189,5653642,42,3,single,rented,no,Civil_engineer,Mumbai,Maharashtra,3,11,1,,0
191,6862187,22,7,single,rented,no,Scientist,Srinagar,Jammu_and_Kashmir,7,12,1,,0
192,979926,61,14,single,rented,yes,Police_officer,Indore,Madhya_Pradesh,7,11,1,,0
205,4736350,38,13,single,rented,no,Microbiologist,Ambala,Haryana,6,13,1,,0
213,6305461,41,11,single,rented,yes,Air_traffic_controller,Mirzapur,Uttar_Pradesh,7,14,1,,0
214,7552268,38,6,single,rented,no,Civil_engineer,Berhampore,West_Bengal,5,10,1,,0
225,6668221,66,20,single,rented,no,Industrial_Engineer,Ambarnath,Maharashtra,11,11,1,,0
226,5109740,39,6,single,rented,no,Flight_attendant,Kanpur,Uttar_Pradesh,6,14,1,,0
235,1882143,45,19,single,rented,yes,Magistrate,Farrukhabad,Uttar_Pradesh,4,14,1,,0
236,7167762,49,14,single,rented,no,Firefighter,Bhopal,Madhya_Pradesh,12,14,1,,0
237,7743419,71,15,single,rented,no,Scientist,Nangloi_Jat,Delhi,14,14,1,,0
241,9305585,69,8,single,rented,no,Official,Raiganj,West_Bengal,8,10,1,,0
251,6715263,29,0,single,rented,no,Surveyor,Dewas,Madhya_Pradesh,0,11,1,,0
261,1632386,43,20,single,rented,no,Army_officer,Gudivada,Andhra_Pradesh,11,14,1,,0
265,7291839,41,1,single,rented,yes,Surgeon,Thane,Maharashtra,1,12,1,,0
268,4187964,78,2,single,rented,yes,Dentist,Pallavaram,Tamil_Nadu,2,10,1,,0
276,6325118,21,13,single,rented,no,Librarian,Burhanpur,Madhya_Pradesh,11,12,1,,0
283,2955958,35,17,single,rented,yes,Computer_operator,Amravati,Maharashtra,7,11,1,,0
300,7167873,61,0,single,rented,yes,Designer,Ambala,Haryana,0,11,1,,0
303,9127290,22,11,single,rented,no,Web_designer,Ghaziabad,Uttar_Pradesh,3,14,1,,0
309,5468664,30,2,single,rented,no,Chartered_Accountant,Kanpur,Uttar_Pradesh,2,14,1,,0
313,6787542,22,0,single,norent_noown,no,Hotel_Manager,Phusro,Jharkhand,0,12,1,,0
316,8143086,22,3,single,rented,no,Flight_attendant,Barasat,West_Bengal,3,11,1,,0
321,8573668,57,15,single,rented,yes,Lawyer,Medininagar,Jharkhand,13,13,1,,0
325,1680177,33,18,single,owned,no,Industrial_Engineer,Sonipat,Haryana,6,11,1,,0
331,2429683,43,20,single,rented,no,Financial_Analyst,Siliguri,West_Bengal,14,11,1,,0
332,7020077,63,9,single,rented,no,Mechanical_engineer,Ongole,Andhra_Pradesh,9,13,1,,0
333,9815414,26,5,single,rented,no,Chartered_Accountant,New_Delhi,Delhi,5,14,1,,0
338,4496096,55,17,single,rented,yes,Librarian,Bhilai,Chhattisgarh,13,13,1,,0
340,4445947,53,17,single,rented,no,Technology_specialist,Coimbatore,Tamil_Nadu,4,14,1,,0
351,7660598,72,11,single,rented,no,Biomedical_Engineer,Navi_Mumbai,Maharashtra,11,13,1,,0
354,1576088,37,13,single,rented,yes,Chef,Tiruppur,Tamil_Nadu,7,12,1,,0
357,8776228,37,15,single,rented,yes,Magistrate,Burhanpur,Madhya_Pradesh,14,11,1,,0
365,6785181,32,11,single,rented,no,Drafter,Ujjain,Madhya_Pradesh,11,11,1,,0
373,780090,55,9,single,norent_noown,no,Surveyor,Gorakhpur,Uttar_Pradesh,9,14,1,,0
379,4510338,53,17,single,rented,no,Biomedical_Engineer,Hospet,Karnataka,5,10,1,,0
396,321358,78,17,single,rented,no,Dentist,Alwar,Rajasthan,9,13,1,,0
399,8698268,46,19,single,rented,yes,Computer_operator,Morbi,Gujarat,6,12,1,,0
403,8927753,25,17,single,rented,yes,Comedian,Raipur,Chhattisgarh,13,13,1,,0
406,4273001,62,14,single,norent_noown,yes,Politician,Darbhanga,Bihar,14,14,1,,0
412,527900,61,9,single,rented,yes,Economist,Meerut,Uttar_Pradesh,9,10,1,,0
414,7914034,23,2,single,rented,no,Chef,Gulbarga,Karnataka,2,10,1,,0
425,7847940,64,16,single,rented,yes,Computer_operator,Malegaon,Maharashtra,10,11,1,,0
427,6722440,47,7,single,rented,no,Graphic_Designer,Panvel,Maharashtra,7,11,1,,0
428,2259654,42,2,single,rented,no,Mechanical_engineer,Davanagere,Karnataka,2,10,1,,0
434,9241363,62,18,single,rented,yes,Computer_operator,Secunderabad,Telangana,5,11,1,,0
455,649902,54,15,single,rented,no,Technician,Aurangabad,Maharashtra,8,11,1,,0
459,9215066,69,11,single,rented,no,Magistrate,Gaya,Bihar,11,10,1,,0
460,4432283,61,5,single,rented,no,Lawyer,Tiruchirappalli[10],Tamil_Nadu,5,10,1,,0
463,7124175,44,15,single,rented,yes,Chemical_engineer,Kirari_Suleman_Nagar,Delhi,7,10,1,,0
465,7591621,41,6,single,owned,no,Artist,Jaunpur,Uttar_Pradesh,3,14,1,,0
470,549476,47,1,single,rented,no,Fashion_Designer,Dhule,Maharashtra,1,10,1,,0
471,5628436,48,13,single,rented,no,Computer_hardware_engineer,Danapur,Bihar,10,10,1,,0
473,223993,54,7,single,rented,no,Physician,Rourkela,Odisha,7,11,1,,0
479,706809,71,3,single,rented,no,Librarian,Coimbatore,Tamil_Nadu,3,13,1,,0
485,4824858,58,15,single,rented,no,Hotel_Manager,Surat,Gujarat,8,11,1,,0
495,1988524,50,6,single,rented,no,Surveyor,Jaipur,Rajasthan,6,13,1,,0
498,1966474,26,16,single,rented,yes,Biomedical_Engineer,Visakhapatnam[4],Andhra_Pradesh,4,10,1,,0
508,976533,48,2,single,rented,no,Statistician,Bardhaman,West_Bengal,2,10,1,,0
513,1578598,50,11,single,rented,no,Software_Developer,Mau,Uttar_Pradesh,11,11,1,,0
514,1604428,66,20,single,rented,no,Physician,Sambalpur,Odisha,12,14,1,,0
516,414060,64,16,single,norent_noown,no,Financial_Analyst,Kadapa[23],Andhra_Pradesh,14,11,1,,0
523,8079960,53,2,single,rented,no,Army_officer,Purnia[26],Bihar,2,10,1,,0
528,5915580,68,20,single,rented,no,Hotel_Manager,Buxar[37],Bihar,7,10,1,,0
538,2902285,77,19,single,rented,no,Graphic_Designer,Gudivada,Andhra_Pradesh,11,10,1,,0
545,7563306,55,15,single,rented,no,Technician,Kollam,Kerala,12,12,1,,0
546,9368529,59,7,single,rented,no,Designer,Dibrugarh,Assam,7,10,1,,0
552,1139981,60,12,single,rented,no,Civil_engineer,Ambattur,Tamil_Nadu,12,12,1,,0
555,340075,45,0,single,rented,no,Industrial_Engineer,Bulandshahr,Uttar_Pradesh,0,13,1,,0
560,1066119,69,16,single,rented,yes,Technician,Gorakhpur,Uttar_Pradesh,12,11,1,,0
564,2940425,77,16,single,rented,yes,Drafter,Farrukhabad,Uttar_Pradesh,7,10,1,,0
566,6963246,35,16,single,rented,no,Industrial_Engineer,Gurgaon,Haryana,14,12,1,,0
568,5965932,74,3,single,rented,no,Army_officer,Giridih,Jharkhand,3,13,1,,0
571,6120219,25,8,single,rented,no,Software_Developer,Hajipur[31],Bihar,3,13,1,,0
572,2926477,78,19,single,rented,no,Physician,Firozabad,Uttar_Pradesh,3,10,1,,0
573,6800688,78,5,single,rented,no,Graphic_Designer,Mango,Jharkhand,5,14,1,,0
575,9756211,45,8,single,rented,yes,Politician,Bhusawal,Maharashtra,8,10,1,,0
577,9407809,66,3,single,rented,no,Army_officer,Ongole,Andhra_Pradesh,3,13,1,,0
578,6002096,32,14,single,rented,no,Secretary,Ramagundam[27],Telangana,3,13,1,,0
580,4145727,27,11,single,rented,no,Fashion_Designer,Panvel,Maharashtra,6,12,1,,0
584,6201762,46,1,single,rented,no,Lawyer,Kochi,Kerala,1,10,1,,0
587,4510519,73,3,single,owned,yes,Magistrate,Madurai,Tamil_Nadu,3,10,1,,0
618,8755938,42,20,single,rented,yes,Biomedical_Engineer,Delhi_city,Delhi,14,13,1,,0
628,6549582,31,7,single,rented,yes,Architect,Guntakal,Andhra_Pradesh,7,11,1,,0
629,4916345,73,8,single,rented,yes,Air_traffic_controller,Raiganj,West_Bengal,8,12,1,,0
645,5082664,41,12,single,rented,yes,Police_officer,Barasat,West_Bengal,5,12,1,,0
651,3711307,22,20,single,rented,yes,Economist,Ozhukarai,Puducherry,10,12,1,,0
661,4206929,73,8,single,rented,no,Technical_writer,Hosur,Tamil_Nadu,8,11,1,,0
666,2024213,38,19,single,rented,no,Comedian,Durg,Chhattisgarh,8,14,1,,0
677,1112644,23,16,single,rented,yes,Official,Navi_Mumbai,Maharashtra,6,10,1,,0
686,5421595,45,4,single,rented,no,Air_traffic_controller,Giridih,Jharkhand,4,12,1,,0
692,3306281,33,16,single,rented,no,Engineer,Machilipatnam,Andhra_Pradesh,8,12,1,,0
707,3423478,76,9,single,rented,no,Computer_hardware_engineer,Suryapet,Telangana,4,10,1,,0
709,166480,36,8,single,rented,yes,Police_officer,Visakhapatnam[4],Andhra_Pradesh,8,11,1,,0
712,4112102,46,15,single,rented,no,Chef,Mangalore,Karnataka,5,13,1,,0
720,5812529,46,2,single,rented,yes,Software_Developer,Tiruchirappalli[10],Tamil_Nadu,2,11,1,,0
721,9422148,43,16,single,rented,yes,Computer_hardware_engineer,Singrauli,Madhya_Pradesh,12,12,1,,0
724,6239581,38,8,single,rented,yes,Air_traffic_controller,Thane,Maharashtra,8,13,1,,0
726,9044259,30,16,single,rented,no,Flight_attendant,Jabalpur,Madhya_Pradesh,3,11,1,,0
730,5186187,76,2,single,rented,no,Dentist,Shahjahanpur,Uttar_Pradesh,2,12,1,,0
734,3470076,44,15,single,rented,no,Magistrate,Gaya,Bihar,11,12,1,,0
737,960205,66,16,single,rented,no,Comedian,Vijayawada,Andhra_Pradesh,7,11,1,,0
738,1117930,79,15,single,rented,no,Drafter,Rohtak,Haryana,9,12,1,,0
740,96503,40,13,single,rented,no,Flight_attendant,Shimla,Himachal_Pradesh,3,14,1,,0
745,7529689,76,9,single,rented,no,Army_officer,Rajahmundry[19][20],Andhra_Pradesh,4,10,1,,0
763,5965136,36,15,single,rented,no,Software_Developer,Jamshedpur,Jharkhand,10,12,1,,0
774,6550926,35,1,single,rented,no,Physician,Salem,Tamil_Nadu,1,11,1,,0
775,5354560,58,13,single,rented,yes,Hotel_Manager,Anand,Gujarat,5,13,1,,0
781,5608121,52,7,single,rented,no,Physician,Jabalpur,Madhya_Pradesh,7,14,1,,0
790,4642438,55,13,single,rented,no,Drafter,Kanpur,Uttar_Pradesh,13,14,1,,0
797,8419826,31,0,single,rented,no,Geologist,Raiganj,West_Bengal,0,14,1,,0
799,3734522,47,1,single,rented,no,Surveyor,Jamalpur[36],Bihar,1,10,1,,0
803,2018913,68,7,single,rented,yes,Web_designer,Dewas,Madhya_Pradesh,7,13,1,,0
805,8976828,58,10,single,rented,yes,Hotel_Manager,Nagercoil,Tamil_Nadu,10,14,1,,0
816,8030284,65,6,single,rented,no,Civil_engineer,Ghaziabad,Uttar_Pradesh,6,12,1,,0
831,5238806,65,3,single,rented,no,Police_officer,Ramagundam[27],Telangana,3,12,1,,0
846,6794531,68,20,single,rented,no,Hotel_Manager,Vadodara,Gujarat,14,10,1,,0
849,972554,54,13,single,rented,yes,Comedian,Barasat,West_Bengal,13,12,1,,0
875,9211842,61,16,single,rented,no,Computer_hardware_engineer,Bettiah[33],Bihar,11,11,1,,0
879,8057748,46,6,single,rented,yes,Geologist,Rajkot,Gujarat,4,11,1,,0
899,8371842,66,15,single,owned,no,Comedian,Jalandhar,Punjab,4,11,1,,0
921,2157311,78,14,single,rented,no,Chef,Sonipat,Haryana,6,12,1,,0
938,7198404,29,19,single,owned,yes,Graphic_Designer,Patiala,Punjab,6,14,1,,0
940,422892,59,7,single,rented,yes,Biomedical_Engineer,Satara,Maharashtra,7,10,1,,0
942,7098273,67,10,single,rented,no,Chartered_Accountant,Eluru[25],Andhra_Pradesh,3,12,1,,0
947,9455042,33,20,single,rented,no,Politician,Bokaro,Jharkhand,10,12,1,,0
962,8745080,55,18,single,rented,yes,Librarian,Erode[17],Tamil_Nadu,4,13,1,,0
978,9789626,21,20,single,rented,no,Economist,Jehanabad[38],Bihar,4,13,1,,0
986,2453112,34,6,single,rented,no,Microbiologist,Rampur,Uttar_Pradesh,6,14,1,,0
997,9253093,54,2,single,rented,yes,Secretary,Danapur,Bihar,2,12,1,,0
1019,1538951,73,9,single,rented,yes,Geologist,Panchkula,Haryana,9,10,1,,0
1047,1783274,34,8,single,owned,no,Surveyor,Bidhannagar,West_Bengal,7,12,1,,0
1051,7794515,51,2,single,rented,no,Web_designer,Kanpur,Uttar_Pradesh,2,11,1,,0
1056,3152333,61,11,single,norent_noown,yes,Air_traffic_controller,Bhopal,Madhya_Pradesh,7,14,1,,0
1061,4559022,63,5,single,rented,yes,Surveyor,Udaipur,Rajasthan,5,11,1,,0
1064,1714140,27,10,single,rented,yes,Politician,Howrah,West_Bengal,10,10,1,,0
1070,6381899,68,7,single,rented,yes,Financial_Analyst,Bahraich,Uttar_Pradesh,4,13,1,,0
1089,2357771,59,1,single,rented,yes,Army_officer,Kottayam,Kerala,1,12,1,,0
1100,2215191,76,10,single,rented,no,Physician,Vijayawada,Andhra_Pradesh,10,11,1,,0
1103,8036025,23,8,single,rented,no,Consultant,Shimla,Himachal_Pradesh,4,14,1,,0
1109,9270608,79,14,single,rented,no,Analyst,Kamarhati,West_Bengal,4,12,1,,0
1123,5867312,43,1,single,owned,no,Chartered_Accountant,Kurnool[18],Andhra_Pradesh,1,13,1,,0
1129,6810655,30,11,single,rented,no,Official,Durgapur,West_Bengal,10,12,1,,0
1131,4574793,32,20,single,rented,no,Secretary,Bhind,Madhya_Pradesh,6,11,1,,0
1132,5823407,68,8,single,rented,no,Analyst,Howrah,West_Bengal,8,14,1,,0
1133,8143512,31,7,single,rented,no,Financial_Analyst,Thoothukudi,Tamil_Nadu,6,14,1,,0
1134,5827839,43,1,single,rented,no,Computer_hardware_engineer,Ichalkaranji,Maharashtra,1,10,1,,0
1151,7253442,24,17,single,rented,no,Economist,Raurkela_Industrial_Township,Odisha,8,10,1,,0
1156,5713579,53,14,single,rented,no,Air_traffic_controller,Solapur,Maharashtra,10,11,1,,0
1158,8854489,36,18,single,rented,no,Design_Engineer,Panvel,Maharashtra,13,14,1,,0
1162,2397672,70,6,single,rented,no,Graphic_Designer,Thiruvananthapuram,Kerala,6,11,1,,0
1163,3745099,27,10,single,rented,no,Analyst,Barasat,West_Bengal,10,11,1,,0
1170,3090546,54,9,single,rented,no,Chemical_engineer,Alwar,Rajasthan,5,12,1,,0
1171,2206541,52,10,single,owned,no,Lawyer,Secunderabad,Telangana,10,10,1,,0
1179,6092943,60,10,single,rented,no,Aviator,Ramgarh,Jharkhand,10,11,1,,0
1188,4248868,79,11,single,rented,no,Drafter,Bilaspur,Chhattisgarh,11,13,1,,0
1189,8476201,55,1,single,rented,no,Technology_specialist,Nandyal,Andhra_Pradesh,1,11,1,,0
1191,6250439,65,14,single,rented,yes,Software_Developer,Dharmavaram,Andhra_Pradesh,10,14,1,,0
1218,826478,33,15,single,rented,no,Drafter,Ludhiana,Punjab,13,11,1,,0
1226,4069436,67,6,single,rented,yes,Design_Engineer,Ballia,Uttar_Pradesh,5,13,1,,0
1234,4389360,42,20,single,rented,yes,Scientist,Jabalpur,Madhya_Pradesh,11,10,1,,0
1243,7714522,37,0,single,rented,yes,Surgeon,Satna,Madhya_Pradesh,0,10,1,,0
1249,3711494,63,6,single,rented,yes,Scientist,Maheshtala,West_Bengal,6,14,1,,0
1251,9187149,79,1,single,rented,yes,Chartered_Accountant,Nagaon,Assam,1,13,1,,0
1257,2301024,51,11,single,rented,yes,Financial_Analyst,Haridwar,Uttarakhand,7,11,1,,0
1261,4627494,55,14,single,rented,no,Flight_attendant,Aizawl,Mizoram,7,11,1,,0
1276,3006135,59,18,single,rented,no,Chartered_Accountant,Solapur,Maharashtra,6,10,1,,0
1279,6329094,26,17,single,rented,no,Army_officer,Thrissur,Kerala,12,11,1,,0
1295,8596569,69,0,single,rented,no,Biomedical_Engineer,Vijayanagaram,Andhra_Pradesh,0,13,1,,0
1296,2607516,76,5,single,rented,yes,Analyst,Nanded,Maharashtra,5,11,1,,0
1299,1043413,33,16,single,rented,no,Hotel_Manager,Satara,Maharashtra,8,13,1,,0
1303,7716276,50,16,single,rented,no,Army_officer,Bhusawal,Maharashtra,13,12,1,,0
1304,9427951,24,11,single,rented,no,Psychologist,Ramagundam[27],Telangana,8,12,1,,0
1306,9052853,52,15,single,rented,yes,Scientist,Bhalswa_Jahangir_Pur,Delhi,12,11,1,,0
1309,1923707,40,16,single,rented,no,Design_Engineer,Bellary,Karnataka,4,12,1,,0
1310,6073350,68,5,single,rented,no,Hotel_Manager,Pune,Maharashtra,5,14,1,,0
1314,3315306,66,14,single,rented,yes,Police_officer,Chinsurah,West_Bengal,3,11,1,,0
1315,1591082,66,3,single,rented,no,Police_officer,Nandyal,Andhra_Pradesh,3,11,1,,0
1317,1857595,26,19,single,rented,no,Surgeon,Sikar,Rajasthan,12,13,1,,0
1318,8151369,67,11,single,rented,no,Industrial_Engineer,Coimbatore,Tamil_Nadu,6,12,1,,0
1326,6380792,51,12,single,rented,no,Magistrate,Karimnagar,Telangana,12,13,1,,0
1329,3758841,76,8,single,rented,no,Aviator,Jabalpur,Madhya_Pradesh,8,13,1,,0
1330,1514602,71,6,single,rented,no,Comedian,Raichur,Karnataka,6,13,1,,0
1337,5613340,59,17,single,rented,no,Technical_writer,Serampore,West_Bengal,14,11,1,,0
1338,7146402,23,20,single,rented,no,Mechanical_engineer,Imphal,Manipur,4,14,1,,0
1346,7442529,57,6,single,rented,yes,Chef,Saharsa[29],Bihar,5,10,1,,0
1353,8605005,31,20,single,rented,no,Petroleum_Engineer,Mysore[7][8][9],Karnataka,5,14,1,,0
1357,9639313,38,4,single,rented,yes,Lawyer,Yamunanagar,Haryana,4,14,1,,0
1362,3142984,22,13,single,rented,no,Chef,Haridwar,Uttarakhand,10,12,1,,0
1364,1621150,48,10,single,rented,yes,Air_traffic_controller,Tiruvottiyur,Tamil_Nadu,9,10,1,,0
1372,9678663,46,0,single,rented,no,Surgeon,Kadapa[23],Andhra_Pradesh,0,12,1,,0
1374,6641682,42,0,single,rented,no,Industrial_Engineer,Ulhasnagar,Maharashtra,0,10,1,,0
1376,1661569,32,12,single,rented,no,Petroleum_Engineer,Khammam,Telangana,5,13,1,,0
1377,2909502,27,18,single,rented,no,Physician,Satna,Madhya_Pradesh,4,11,1,,0
1382,9645128,26,2,single,rented,no,Artist,Kavali,Andhra_Pradesh,2,11,1,,0
1388,6107468,21,16,single,rented,no,Secretary,Nadiad,Gujarat,13,14,1,,0
1394,424512,60,16,single,rented,no,Designer,Bhopal,Madhya_Pradesh,5,11,1,,0
1401,5663883,37,4,single,rented,no,Artist,Ajmer,Rajasthan,4,11,1,,0
1405,3412117,76,3,single,rented,yes,Drafter,Jaunpur,Uttar_Pradesh,3,14,1,,0
1407,2926190,71,0,single,rented,no,Physician,Bally,West_Bengal,0,14,1,,0
1413,7310061,37,10,single,rented,no,Web_designer,Chandrapur,Maharashtra,6,11,1,,0
1415,9299383,56,15,single,rented,no,Mechanical_engineer,Shahjahanpur,Uttar_Pradesh,8,12,1,,0
1417,9807280,37,0,single,rented,no,Analyst,Naihati,West_Bengal,0,13,1,,0
1418,3648949,65,6,single,rented,yes,Artist,Satara,Maharashtra,6,11,1,,0
1431,2564409,29,13,single,rented,yes,Computer_operator,Davanagere,Karnataka,7,12,1,,0
1433,8026974,23,20,single,rented,yes,Civil_servant,Chapra,Bihar,11,12,1,,0
1435,3205080,47,10,single,rented,no,Biomedical_Engineer,Kirari_Suleman_Nagar,Delhi,10,13,1,,0
1439,6207088,35,16,single,rented,no,Economist,Arrah,Bihar,13,13,1,,0
1440,4536448,43,18,single,norent_noown,no,Flight_attendant,Bhavnagar,Gujarat,6,14,1,,0
1449,4727668,62,20,single,rented,yes,Drafter,Khandwa,Madhya_Pradesh,7,10,1,,0
1468,2946448,63,0,single,rented,no,Dentist,Munger,Bihar,0,13,1,,0
1475,2803101,25,10,single,rented,no,Physician,Sikar,Rajasthan,10,14,1,,0
1485,911309,69,12,single,rented,no,Flight_attendant,Nanded,Maharashtra,9,13,1,,0
1486,2282442,47,4,single,rented,yes,Petroleum_Engineer,Raipur,Chhattisgarh,4,13,1,,0
1499,7058931,40,10,single,rented,no,Librarian,Ambarnath,Maharashtra,10,13,1,,0
1501,7710784,61,19,single,rented,yes,Graphic_Designer,Raurkela_Industrial_Township,Odisha,3,10,1,,0
1503,156145,69,7,single,rented,yes,Web_designer,Haldia,West_Bengal,7,13,1,,0
1505,5131419,26,2,single,rented,no,Civil_engineer,Varanasi,Uttar_Pradesh,2,10,1,,0
1506,9766082,28,9,single,rented,no,Army_officer,Durgapur,West_Bengal,3,14,1,,0
1507,7503751,27,17,single,rented,no,Statistician,Adoni,Andhra_Pradesh,8,14,1,,0
1512,9434255,52,12,single,rented,no,Biomedical_Engineer,Vijayawada,Andhra_Pradesh,12,12,1,,0
1522,9578850,57,13,single,rented,no,Microbiologist,Amravati,Maharashtra,11,11,1,,0
1526,1678997,47,20,single,rented,no,Civil_engineer,Uluberia,West_Bengal,12,13,1,,0
1534,7761009,38,3,single,rented,no,Mechanical_engineer,Korba,Chhattisgarh,3,12,1,,0
1538,5671193,30,20,single,rented,no,Surveyor,Bahraich,Uttar_Pradesh,11,14,1,,0
1548,4772948,46,17,single,rented,no,Air_traffic_controller,Muzaffarnagar,Uttar_Pradesh,11,14,1,,0
1550,8925245,63,0,single,rented,no,Designer,Kottayam,Kerala,0,10,1,,0
1555,5604484,51,14,single,rented,no,Geologist,Sikar,Rajasthan,4,13,1,,0
1561,3779002,57,8,single,rented,no,Graphic_Designer,Amravati,Maharashtra,8,14,1,,0
1562,3430788,63,3,single,rented,no,Design_Engineer,Bidar,Karnataka,3,10,1,,0
1567,279241,41,0,single,rented,yes,Physician,Thiruvananthapuram,Kerala,0,14,1,,0
1573,4828749,28,15,single,rented,no,Librarian,Rajahmundry[19][20],Andhra_Pradesh,5,11,1,,0
1574,660630,70,1,single,rented,yes,Chartered_Accountant,Pune,Maharashtra,1,10,1,,0
1575,554517,21,7,single,rented,no,Geologist,Tezpur,Assam,5,13,1,,0
1576,5022180,57,2,single,rented,no,Librarian,Dharmavaram,Andhra_Pradesh,2,11,1,,0
1579,7600998,66,8,single,rented,yes,Chemical_engineer,Tinsukia,Assam,8,13,1,,0
1580,9451139,22,17,single,rented,no,Psychologist,Udupi,Karnataka,14,14,1,,0
1605,2421681,33,8,single,rented,yes,Technology_specialist,Kurnool[18],Andhra_Pradesh,4,13,1,,0
1615,7210569,54,17,single,rented,no,Engineer,Aizawl,Mizoram,10,11,1,,0
1619,2568258,67,5,single,rented,yes,Official,Pali,Rajasthan,5,11,1,,0
1622,3048347,36,17,single,rented,no,Air_traffic_controller,Bhatpara,West_Bengal,14,13,1,,0
1626,9464294,42,9,single,rented,no,Computer_hardware_engineer,Rewa,Madhya_Pradesh,5,10,1,,0
1629,553772,38,19,single,rented,yes,Computer_operator,Ludhiana,Punjab,9,14,1,,0
1633,140516,29,19,single,rented,no,Politician,Vellore,Tamil_Nadu,14,10,1,,0
1635,4499377,48,11,single,rented,no,Software_Developer,Gaya,Bihar,11,12,1,,0
1644,2045156,35,9,single,rented,yes,Firefighter,Jorhat,Assam,9,13,1,,0
1648,8177616,33,9,single,rented,no,Surveyor,Jaipur,Rajasthan,9,13,1,,0
1662,6036428,34,7,single,rented,yes,Flight_attendant,Uluberia,West_Bengal,6,10,1,,0
1665,8450190,26,6,single,rented,no,Comedian,Sri_Ganganagar,Rajasthan,6,10,1,,0
1669,5180835,22,1,single,rented,no,Air_traffic_controller,Bardhaman,West_Bengal,1,10,1,,0
1675,3737014,47,7,single,rented,no,Drafter,Madhyamgram,West_Bengal,7,14,1,,0
1680,7571977,75,5,single,rented,yes,Civil_servant,Ranchi,Jharkhand,5,13,1,,0
1688,9717828,22,13,single,rented,yes,Air_traffic_controller,Delhi_city,Delhi,10,14,1,,0
1689,98356,50,4,single,rented,yes,Politician,Malegaon,Maharashtra,4,13,1,,0
1693,9768762,66,1,single,rented,no,Comedian,Bhopal,Madhya_Pradesh,1,13,1,,0
1720,8442518,71,6,single,rented,yes,Petroleum_Engineer,Gandhidham,Gujarat,6,11,1,,0
1733,5683509,62,19,single,rented,no,Secretary,Secunderabad,Telangana,4,14,1,,0
1738,3238461,35,16,single,rented,no,Engineer,Thane,Maharashtra,8,13,1,,0
1740,5522087,58,4,single,rented,yes,Librarian,Chapra,Bihar,4,13,1,,0
1747,2280615,74,1,single,norent_noown,no,Biomedical_Engineer,Visakhapatnam[4],Andhra_Pradesh,1,14,1,,0
1752,978225,72,0,single,rented,yes,Industrial_Engineer,Salem,Tamil_Nadu,0,13,1,,0
1755,8818909,41,6,single,rented,yes,Librarian,Bhilwara,Rajasthan,3,13,1,,0
1756,8653449,66,0,single,rented,no,Chemical_engineer,Thrissur,Kerala,0,13,1,,0
1758,3578378,41,9,single,rented,yes,Firefighter,Anantapuram[24],Andhra_Pradesh,9,10,1,,0
1760,1932556,56,15,single,rented,no,Mechanical_engineer,Narasaraopet,Andhra_Pradesh,4,13,1,,0
1763,6943697,37,14,single,rented,no,Army_officer,Pali,Rajasthan,3,12,1,,0
1765,5184758,55,7,single,rented,no,Biomedical_Engineer,Pali,Rajasthan,7,11,1,,0
1767,4399912,29,9,single,rented,no,Architect,North_Dumdum,West_Bengal,9,10,1,,0
1768,1556371,39,11,single,rented,no,Psychologist,Panchkula,Haryana,8,13,1,,0
1774,8593281,22,19,single,rented,no,Chef,Ambala,Haryana,11,11,1,,0
1779,4276227,31,11,single,rented,no,Secretary,Karawal_Nagar,Delhi,11,13,1,,0
1786,1565345,37,5,single,rented,no,Engineer,Bhind,Madhya_Pradesh,4,14,1,,0
1799,9537662,44,19,single,rented,no,Politician,Vadodara,Gujarat,14,12,1,,0
1802,7100378,60,18,single,owned,no,Civil_engineer,Panvel,Maharashtra,11,11,1,,0
1809,7488205,60,9,single,rented,no,Technical_writer,Jhansi,Uttar_Pradesh,9,10,1,,0
1811,3640092,65,2,single,rented,yes,Fashion_Designer,Ghaziabad,Uttar_Pradesh,2,12,1,,0
1813,8217682,67,10,single,norent_noown,yes,Computer_operator,Sirsa,Haryana,10,10,1,,0
1825,291209,58,4,single,rented,yes,Air_traffic_controller,Pali,Rajasthan,4,14,1,,0
1826,5832406,24,4,single,rented,yes,Designer,Sangli-Miraj_&_Kupwad,Maharashtra,4,12,1,,0
1828,9218490,63,12,single,rented,yes,Designer,Udupi,Karnataka,10,13,1,,0
1829,700444,24,0,single,rented,no,Consultant,Thiruvananthapuram,Kerala,0,11,1,,0
1830,9700230,55,20,single,rented,no,Lawyer,Nagpur,Maharashtra,8,13,1,,0
1831,4872825,76,6,single,rented,yes,Flight_attendant,Tinsukia,Assam,6,10,1,,0
1835,1047915,23,4,single,rented,yes,Artist,Dhule,Maharashtra,4,11,1,,0
1842,8597260,56,20,single,rented,yes,Scientist,Shimoga,Karnataka,6,14,1,,0
1853,5924444,33,1,single,rented,no,Firefighter,Bardhaman,West_Bengal,1,12,1,,0
1854,1743237,66,0,single,rented,no,Civil_servant,Guntur[13],Andhra_Pradesh,0,14,1,,0
1855,116617,62,15,single,rented,no,Mechanical_engineer,Bhilai,Chhattisgarh,14,11,1,,0
1875,7134942,28,20,single,rented,yes,Computer_hardware_engineer,Raiganj,West_Bengal,11,10,1,,0
1880,1100548,49,3,single,rented,yes,Technical_writer,Surat,Gujarat,3,10,1,,0
1889,7720372,72,6,single,rented,yes,Physician,Mira-Bhayandar,Maharashtra,6,11,1,,0
1897,7756519,56,4,single,rented,no,Lawyer,Jhansi,Uttar_Pradesh,4,14,1,,0
1903,9345198,49,9,single,rented,no,Industrial_Engineer,Ajmer,Rajasthan,9,11,1,,0
1905,2716181,76,8,single,rented,no,Surgeon,Mahbubnagar,Telangana,8,11,1,,0
1913,779324,45,20,single,rented,no,Architect,Srinagar,Jammu_and_Kashmir,4,10,1,,0
1916,1079145,66,16,single,rented,yes,Engineer,Kolhapur,Maharashtra,9,13,1,,0
1931,2362103,56,2,single,rented,no,Dentist,Mathura,Uttar_Pradesh,2,11,1,,0
1933,4514928,28,20,single,rented,yes,Software_Developer,Bhubaneswar,Odisha,5,11,1,,0
1946,9775346,48,6,single,rented,no,Official,Ghaziabad,Uttar_Pradesh,6,10,1,,0
1971,974748,42,6,single,rented,no,Biomedical_Engineer,Nagpur,Maharashtra,6,11,1,,0
1982,7757778,78,17,single,rented,no,Fashion_Designer,Tirupati[21][22],Andhra_Pradesh,12,12,1,,0
1989,1038909,58,19,single,rented,yes,Civil_servant,Gorakhpur,Uttar_Pradesh,4,11,1,,0
1994,151700,33,20,single,rented,no,Politician,Patiala,Punjab,6,13,1,,0
1998,1067890,41,14,single,rented,yes,Air_traffic_controller,Sambalpur,Odisha,3,12,1,,0
2011,4489952,66,5,single,owned,no,Fashion_Designer,Siwan[32],Bihar,5,11,1,,0
2017,7530512,65,12,single,rented,no,Microbiologist,Saharanpur,Uttar_Pradesh,10,12,1,,0
2024,1950853,54,6,single,rented,no,Air_traffic_controller,Suryapet,Telangana,6,14,1,,0
2027,5792043,71,6,single,norent_noown,yes,Graphic_Designer,Panipat,Haryana,6,11,1,,0
2029,2297128,30,6,single,rented,yes,Computer_hardware_engineer,Darbhanga,Bihar,6,13,1,,0
2031,3802714,71,16,single,rented,no,Software_Developer,Madanapalle,Andhra_Pradesh,8,13,1,,0
2039,4977653,54,17,single,rented,yes,Technical_writer,Bidar,Karnataka,13,11,1,,0
2043,335003,75,11,single,norent_noown,no,Economist,Jalna,Maharashtra,11,13,1,,0
2052,4816071,63,17,single,rented,no,Mechanical_engineer,Madanapalle,Andhra_Pradesh,13,14,1,,0
2057,3672369,60,12,single,rented,no,Computer_operator,Hazaribagh,Jharkhand,6,12,1,,0
2064,1336270,66,19,single,rented,no,Chemical_engineer,Bahraich,Uttar_Pradesh,8,12,1,,0
2065,6525200,55,11,single,rented,yes,Army_officer,Karawal_Nagar,Delhi,6,14,1,,0
2075,1053988,73,6,single,owned,no,Software_Developer,Nashik,Maharashtra,6,13,1,,0
2077,9803522,55,14,single,rented,no,Police_officer,Guna,Madhya_Pradesh,14,11,1,,0
2079,7770680,38,10,single,rented,no,Scientist,Ambattur,Tamil_Nadu,10,12,1,,0
2088,6798686,31,9,single,owned,no,Dentist,Hyderabad,Telangana,9,10,1,,0
2090,2229331,79,6,single,rented,yes,Petroleum_Engineer,Bidhannagar,West_Bengal,6,11,1,,0
2093,4041403,47,19,single,rented,yes,Technology_specialist,Mahbubnagar,Telangana,13,14,1,,0
2098,718057,59,19,single,rented,no,Financial_Analyst,Guwahati,Assam,4,11,1,,0
2099,8053436,42,8,single,rented,no,Chef,Mysore[7][8][9],Karnataka,8,11,1,,0
2101,228131,30,5,single,rented,no,Technician,Kakinada,Andhra_Pradesh,5,12,1,,0
2102,600473,24,11,single,rented,no,Analyst,Faridabad,Haryana,6,14,1,,0
2113,973794,69,16,single,rented,yes,Geologist,Raipur,Chhattisgarh,8,14,1,,0
2117,5465804,32,10,single,rented,yes,Architect,Ranchi,Jharkhand,6,12,1,,0
2120,7908473,66,0,single,rented,no,Technician,Uluberia,West_Bengal,0,10,1,,0
2132,4305317,75,6,single,rented,no,Surgeon,Sambhal,Uttar_Pradesh,6,12,1,,0
2139,3038020,30,15,single,rented,yes,Firefighter,Bhusawal,Maharashtra,4,10,1,,0
2141,75855,33,17,single,rented,no,Technology_specialist,Nagaon,Assam,12,11,1,,0
2143,3130971,43,16,single,rented,yes,Aviator,Chennai,Tamil_Nadu,13,11,1,,0
2145,3453372,47,2,single,rented,no,Financial_Analyst,Saharanpur,Uttar_Pradesh,2,10,1,,0
2150,9038552,76,7,single,rented,yes,Technology_specialist,Ujjain,Madhya_Pradesh,4,14,1,,0
2153,448452,22,7,single,rented,no,Graphic_Designer,Bhind,Madhya_Pradesh,6,13,1,,0
2159,5300443,71,8,single,rented,yes,Politician,Bulandshahr,Uttar_Pradesh,7,13,1,,0
2160,5994323,55,10,single,rented,yes,Police_officer,Tezpur,Assam,10,10,1,,0
2163,147581,74,18,single,norent_noown,no,Chartered_Accountant,Jalgaon,Maharashtra,9,11,1,,0
2171,140981,36,17,single,rented,yes,Consultant,Buxar[37],Bihar,9,12,1,,0
2173,289113,40,5,single,rented,yes,Politician,Bilaspur,Chhattisgarh,5,12,1,,0
2174,2593784,66,1,single,rented,yes,Official,Muzaffarpur,Bihar,1,11,1,,0
2184,8909724,71,4,single,rented,no,Artist,Sri_Ganganagar,Rajasthan,4,11,1,,0
2186,4423589,33,19,single,rented,no,Chartered_Accountant,Navi_Mumbai,Maharashtra,8,12,1,,0
2194,8215558,43,1,single,rented,yes,Surveyor,Dindigul,Tamil_Nadu,1,13,1,,0
2196,9290267,54,4,single,rented,yes,Petroleum_Engineer,Munger,Bihar,4,14,1,,0
2197,4742685,38,2,single,rented,yes,Petroleum_Engineer,Guntakal,Andhra_Pradesh,2,12,1,,0
2201,8593318,75,20,single,owned,no,Secretary,Jamnagar,Gujarat,7,13,1,,0
2202,4778152,42,13,single,rented,no,Secretary,Tirupati[21][22],Andhra_Pradesh,3,12,1,,0
2204,8785845,69,8,single,rented,no,Civil_engineer,Jodhpur,Rajasthan,6,14,1,,0
2212,3123209,53,16,single,rented,yes,Physician,Silchar,Assam,3,10,1,,0
2216,7013255,75,10,single,owned,yes,Chemical_engineer,Bhilwara,Rajasthan,10,11,1,,0
2242,8527776,54,2,single,rented,no,Lawyer,Nizamabad,Telangana,2,11,1,,0
2243,8981043,57,8,single,rented,yes,Technical_writer,Mysore[7][8][9],Karnataka,8,12,1,,0
2245,4012270,39,7,single,rented,yes,Web_designer,Hazaribagh,Jharkhand,7,10,1,,0
2246,1369446,59,3,single,rented,no,Police_officer,Bathinda,Punjab,3,11,1,,0
2248,7186684,55,3,single,rented,yes,Statistician,Gwalior,Madhya_Pradesh,3,12,1,,0
2249,2147176,45,5,single,owned,no,Lawyer,New_Delhi,Delhi,5,14,1,,0
2254,9275320,28,12,single,rented,no,Civil_engineer,Bhiwandi,Maharashtra,3,13,1,,0
2259,7574572,78,5,single,rented,no,Hotel_Manager,Vijayawada,Andhra_Pradesh,5,10,1,,0
2262,7644982,24,1,single,rented,no,Scientist,Faridabad,Haryana,1,11,1,,0
2266,3478374,74,5,single,rented,no,Industrial_Engineer,Kochi,Kerala,5,10,1,,0
2267,2421544,46,17,single,rented,no,Artist,Morena,Madhya_Pradesh,6,13,1,,0
2279,6284000,32,3,single,rented,no,Petroleum_Engineer,Kochi,Kerala,3,11,1,,0
2285,4516990,69,9,single,rented,no,Lawyer,Aligarh,Uttar_Pradesh,9,11,1,,0
2286,7961712,41,10,single,rented,no,Official,Tinsukia,Assam,10,14,1,,0
2287,3685028,32,13,single,rented,no,Official,Madhyamgram,West_Bengal,6,11,1,,0
2292,7018599,53,0,single,rented,no,Surveyor,Hajipur[31],Bihar,0,13,1,,0
2294,5509700,37,0,single,rented,no,Microbiologist,Machilipatnam,Andhra_Pradesh,0,13,1,,0
2300,1045513,40,2,single,norent_noown,no,Consultant,Hyderabad,Telangana,2,14,1,,0
2301,8141088,22,1,single,rented,no,Flight_attendant,Avadi,Tamil_Nadu,1,12,1,,0
2305,8259158,79,14,single,rented,no,Fashion_Designer,Bidhannagar,West_Bengal,13,10,1,,0
2316,332177,70,20,single,rented,no,Secretary,Sikar,Rajasthan,7,13,1,,0
2328,9961539,41,8,single,owned,yes,Geologist,Sambhal,Uttar_Pradesh,8,10,1,,0
2332,1929764,45,5,single,rented,no,Geologist,Firozabad,Uttar_Pradesh,3,12,1,,0
2346,265272,75,20,single,rented,no,Mechanical_engineer,Delhi_city,Delhi,6,14,1,,0
2348,1923313,71,5,single,rented,no,Magistrate,Pallavaram,Tamil_Nadu,3,10,1,,0
2353,469269,65,7,single,rented,no,Software_Developer,Nashik,Maharashtra,3,12,1,,0
2356,8514407,43,1,single,rented,no,Surveyor,Begusarai,Bihar,1,13,1,,0
2360,6733582,24,3,single,rented,no,Technician,Asansol,West_Bengal,3,10,1,,0
2361,8424956,57,12,single,rented,no,Engineer,Kadapa[23],Andhra_Pradesh,12,10,1,,0
2372,6547688,27,5,single,rented,yes,Army_officer,Mango,Jharkhand,4,12,1,,0
2378,1216848,60,9,single,rented,no,Computer_hardware_engineer,Muzaffarpur,Bihar,9,12,1,,0
2386,3092529,49,1,single,rented,no,Fashion_Designer,Kottayam,Kerala,1,10,1,,0
2388,555482,32,12,single,rented,no,Chartered_Accountant,Gorakhpur,Uttar_Pradesh,9,11,1,,0
2394,9979065,49,8,single,rented,yes,Civil_engineer,Parbhani,Maharashtra,8,13,1,,0
2403,7970733,26,7,single,rented,yes,Web_designer,Ichalkaranji,Maharashtra,7,13,1,,0
2407,2499276,21,0,single,rented,no,Physician,Dhanbad,Jharkhand,0,12,1,,0
2411,1085302,69,4,single,rented,no,Flight_attendant,Panihati,West_Bengal,4,10,1,,0
2413,9109752,69,16,single,rented,yes,Surveyor,Tinsukia,Assam,7,13,1,,0
2416,5314430,32,11,single,rented,no,Statistician,Baranagar,West_Bengal,5,12,1,,0
2425,681686,71,18,single,rented,no,Artist,Mangalore,Karnataka,13,10,1,,0
2429,291391,33,8,single,rented,no,Technical_writer,Bhiwani,Haryana,6,13,1,,0
2435,9749313,72,17,single,rented,yes,Aviator,Medininagar,Jharkhand,14,11,1,,0
2449,882249,36,14,single,owned,no,Dentist,Phagwara,Punjab,12,13,1,,0
2453,998868,44,16,single,rented,no,Microbiologist,Hapur,Uttar_Pradesh,5,13,1,,0
2464,3700179,75,15,single,rented,no,Comedian,HubliÃ¢â‚¬â€œDharwad,Karnataka,10,11,1,,0
2469,90178,76,9,single,rented,no,Geologist,Mathura,Uttar_Pradesh,9,11,1,,0
2474,4977116,25,7,single,rented,yes,Police_officer,Bhopal,Madhya_Pradesh,7,10,1,,0
2477,4432896,29,14,single,rented,no,Civil_engineer,Kavali,Andhra_Pradesh,13,14,1,,0
2485,4763378,70,6,single,rented,yes,Psychologist,Ambattur,Tamil_Nadu,6,14,1,,0
2496,2974289,22,3,single,rented,no,Civil_servant,Raebareli,Uttar_Pradesh,3,13,1,,0
2500,7203886,40,14,single,owned,yes,Technician,Belgaum,Karnataka,13,10,1,,0
2512,6068842,29,6,single,rented,no,Technician,Mumbai,Maharashtra,6,14,1,,0
2520,7218867,43,16,single,rented,no,Architect,HubliÃ¢â‚¬â€œDharwad,Karnataka,8,14,1,,0
2532,1872336,28,3,single,rented,yes,Industrial_Engineer,Satna,Madhya_Pradesh,3,12,1,,0
2553,229131,76,10,single,rented,no,Aviator,Ichalkaranji,Maharashtra,10,13,1,,0
2558,7458144,26,13,single,rented,yes,Technical_writer,Bahraich,Uttar_Pradesh,7,11,1,,0
2563,4939158,65,12,single,rented,no,Official,Kavali,Andhra_Pradesh,7,14,1,,0
2565,8021921,73,4,single,rented,no,Secretary,Jamshedpur,Jharkhand,4,10,1,,0
2570,5279919,38,19,single,owned,no,Financial_Analyst,Kumbakonam,Tamil_Nadu,3,10,1,,0
2575,8535775,33,18,single,rented,no,Technician,Tinsukia,Assam,5,13,1,,0
2581,1589605,46,13,single,rented,no,Architect,Ambala,Haryana,9,10,1,,0
2582,270761,48,1,single,rented,no,Fashion_Designer,Ajmer,Rajasthan,1,11,1,,0
2583,2295066,76,12,single,rented,no,Mechanical_engineer,Satna,Madhya_Pradesh,7,13,1,,0
2593,1085710,72,12,single,rented,no,Librarian,Kollam,Kerala,9,10,1,,0
2608,3855594,39,10,single,rented,yes,Consultant,Miryalaguda,Telangana,10,13,1,,0
2609,6101750,64,4,single,rented,yes,Psychologist,Bhubaneswar,Odisha,4,11,1,,0
2611,1114427,73,9,single,rented,yes,Comedian,Sasaram[30],Bihar,9,13,1,,0
2615,9750930,31,3,single,rented,yes,Comedian,Gorakhpur,Uttar_Pradesh,3,10,1,,0
2616,9872943,78,16,single,owned,no,Scientist,Vasai-Virar,Maharashtra,14,13,1,,0
2623,110437,41,8,single,rented,no,Police_officer,Gopalpur,West_Bengal,8,12,1,,0
2630,7665233,79,10,single,rented,no,Secretary,Erode[17],Tamil_Nadu,3,12,1,,0
2638,8453618,47,4,single,rented,no,Consultant,Kamarhati,West_Bengal,4,12,1,,0
2641,6588127,76,5,single,rented,no,Technician,Bhiwani,Haryana,5,10,1,,0
2642,2218088,35,9,single,rented,no,Lawyer,Phusro,Jharkhand,5,11,1,,0
2647,6123115,27,16,single,rented,no,Police_officer,Tiruchirappalli[10],Tamil_Nadu,10,11,1,,0
2649,6010140,75,15,single,rented,yes,Fashion_Designer,Jalandhar,Punjab,9,10,1,,0
2658,6814296,37,16,single,rented,no,Computer_hardware_engineer,HubliÃ¢â‚¬â€œDharwad,Karnataka,8,11,1,,0
2664,1847709,44,3,single,rented,yes,Scientist,Thiruvananthapuram,Kerala,3,12,1,,0
2672,1225686,65,9,single,rented,no,Comedian,Hospet,Karnataka,5,13,1,,0
2680,3115639,35,14,single,rented,yes,Technician,Guna,Madhya_Pradesh,14,10,1,,0
2684,9250350,42,9,single,rented,no,Chef,Navi_Mumbai,Maharashtra,4,10,1,,0
2698,4476997,27,15,single,rented,no,Magistrate,Saharsa[29],Bihar,7,13,1,,0
2706,1171428,45,11,single,rented,yes,Statistician,Agartala,Tripura,5,11,1,,0
2707,2628971,30,19,single,rented,no,Consultant,Guntur[13],Andhra_Pradesh,7,14,1,,0
2713,4613553,27,13,single,owned,no,Civil_engineer,Mysore[7][8][9],Karnataka,13,10,1,,0
2718,1360053,47,9,single,rented,no,Software_Developer,Kharagpur,West_Bengal,4,11,1,,0
2722,431500,51,10,single,rented,yes,Surveyor,Chandrapur,Maharashtra,10,11,1,,0
2724,1363933,45,14,single,rented,yes,Artist,Jehanabad[38],Bihar,4,10,1,,0
2726,72998,51,16,single,rented,no,Geologist,Purnia[26],Bihar,13,13,1,,0
2732,7428357,38,13,single,rented,yes,Computer_operator,Loni,Uttar_Pradesh,9,12,1,,0
2733,7060043,79,17,single,rented,no,Drafter,Cuttack,Odisha,13,12,1,,0
2740,1612818,79,10,single,rented,no,Lawyer,Sonipat,Haryana,10,11,1,,0
2751,2467224,35,3,single,rented,no,Flight_attendant,Dibrugarh,Assam,3,11,1,,0
2755,8059284,72,1,single,rented,yes,Financial_Analyst,Satara,Maharashtra,1,13,1,,0
2756,4783607,67,19,single,rented,no,Consultant,Howrah,West_Bengal,7,13,1,,0
2760,3188212,61,14,single,rented,no,Designer,Alwar,Rajasthan,10,12,1,,0
2763,3290138,36,13,single,rented,no,Dentist,Jehanabad[38],Bihar,8,12,1,,0
2765,9945173,62,4,single,rented,no,Technical_writer,Bihar_Sharif,Bihar,4,10,1,,0
2767,5190632,59,6,single,rented,no,Flight_attendant,Kochi,Kerala,6,10,1,,0
2788,1435004,50,2,single,rented,yes,Microbiologist,Kavali,Andhra_Pradesh,2,14,1,,0
2790,2687545,60,3,single,rented,yes,Technical_writer,Mango,Jharkhand,3,11,1,,0
2795,5013716,29,17,single,rented,no,Fashion_Designer,Mango,Jharkhand,10,11,1,,0
2802,6467283,65,13,single,rented,yes,Architect,Morena,Madhya_Pradesh,11,12,1,,0
2807,2802877,70,14,single,rented,no,Hotel_Manager,Cuttack,Odisha,10,11,1,,0
2814,1657435,36,7,single,rented,yes,Hotel_Manager,Bilaspur,Chhattisgarh,7,13,1,,0
2816,739809,55,4,single,rented,no,Artist,Vijayanagaram,Andhra_Pradesh,4,12,1,,0
2824,601404,47,20,single,rented,no,Petroleum_Engineer,Navi_Mumbai,Maharashtra,8,10,1,,0
2826,2844373,28,3,single,rented,no,Psychologist,Vasai-Virar,Maharashtra,3,11,1,,0
2828,8497267,65,6,single,rented,no,Civil_engineer,Madanapalle,Andhra_Pradesh,6,12,1,,0
2830,2740967,63,5,single,rented,no,Civil_servant,Nagaon,Assam,5,13,1,,0
2832,3370529,54,10,single,rented,yes,Aviator,Kozhikode,Kerala,10,12,1,,0
2848,5642075,53,8,single,rented,no,Chef,Durg,Chhattisgarh,8,14,1,,0
2851,2831745,51,16,single,owned,no,Technical_writer,Vijayawada,Andhra_Pradesh,8,13,1,,0
2852,6432481,72,3,single,rented,yes,Magistrate,Morbi,Gujarat,3,13,1,,0
2875,1818040,54,1,single,rented,no,Air_traffic_controller,Sagar,Madhya_Pradesh,1,14,1,,0
2886,4002405,68,6,single,rented,no,Librarian,Burhanpur,Madhya_Pradesh,3,13,1,,0
2888,8830734,55,8,single,rented,yes,Secretary,Shahjahanpur,Uttar_Pradesh,8,12,1,,0
2890,1127903,74,15,single,rented,yes,Drafter,Medininagar,Jharkhand,3,12,1,,0
2893,9232506,75,2,single,rented,no,Design_Engineer,Avadi,Tamil_Nadu,2,11,1,,0
2897,2318739,59,4,single,rented,no,Computer_operator,Nadiad,Gujarat,4,14,1,,0
2900,413811,78,6,single,rented,yes,Magistrate,Akola,Maharashtra,6,11,1,,0
2902,3632441,66,2,single,rented,yes,Statistician,Jabalpur,Madhya_Pradesh,2,13,1,,0
2907,6134981,49,2,single,rented,yes,Hotel_Manager,Nanded,Maharashtra,2,10,1,,0
2909,5618096,65,15,single,rented,yes,Air_traffic_controller,Bharatpur,Rajasthan,12,11,1,,0
2912,455805,72,0,single,rented,no,Aviator,Raurkela_Industrial_Township,Odisha,0,12,1,,0
2915,4145448,50,4,single,rented,no,Official,Srinagar,Jammu_and_Kashmir,4,12,1,,0
2922,5971936,24,1,single,rented,no,Analyst,Dehri[30],Bihar,1,10,1,,0
2925,2974371,33,8,single,rented,yes,Geologist,"Khora,_Ghaziabad",Uttar_Pradesh,8,12,1,,0
2931,2755203,64,15,single,rented,no,Aviator,Nanded,Maharashtra,11,12,1,,0
2935,8145267,76,11,single,rented,yes,Scientist,Kochi,Kerala,6,14,1,,0
2942,3512152,35,3,single,norent_noown,yes,Surgeon,Nagercoil,Tamil_Nadu,3,13,1,,0
2947,3994234,72,18,single,rented,no,Surgeon,Thanjavur,Tamil_Nadu,4,13,1,,0
2951,2504515,51,14,single,rented,yes,Microbiologist,Mathura,Uttar_Pradesh,7,12,1,,0
2959,4094948,49,3,single,rented,yes,Flight_attendant,Vadodara,Gujarat,3,12,1,,0
2968,2143718,25,0,single,norent_noown,yes,Drafter,Kottayam,Kerala,0,10,1,,0
2969,794175,52,1,single,rented,no,Aviator,Nanded,Maharashtra,1,12,1,,0
2971,3350415,29,9,single,rented,no,Librarian,Vasai-Virar,Maharashtra,6,12,1,,0
2975,3424035,24,2,single,rented,no,Statistician,Malda,West_Bengal,2,14,1,,0
2979,2162632,76,7,single,rented,yes,Software_Developer,Bellary,Karnataka,7,10,1,,0
2980,8149390,78,1,single,rented,no,Computer_hardware_engineer,Ratlam,Madhya_Pradesh,1,11,1,,0
2982,9254969,75,7,single,rented,no,Civil_engineer,Tinsukia,Assam,7,10,1,,0
2989,5842579,63,15,single,rented,no,Air_traffic_controller,Bongaigaon,Assam,14,13,1,,0
3001,2859480,30,14,single,owned,no,Technician,Sri_Ganganagar,Rajasthan,10,12,1,,0
3003,7059529,63,8,single,rented,yes,Fashion_Designer,Katihar,Bihar,8,13,1,,0
3005,7583518,28,4,single,rented,no,Scientist,Rewa,Madhya_Pradesh,4,11,1,,0
3009,4560641,72,7,single,rented,no,Scientist,Pudukkottai,Tamil_Nadu,7,13,1,,0
3022,827855,41,15,single,rented,no,Scientist,Vijayanagaram,Andhra_Pradesh,8,13,1,,0
3031,9153316,31,6,single,rented,no,Technical_writer,Gwalior,Madhya_Pradesh,6,12,1,,0
3032,2018172,73,15,single,rented,no,Firefighter,Tiruppur,Tamil_Nadu,3,12,1,,0
3034,6472266,21,2,single,rented,yes,Mechanical_engineer,Hospet,Karnataka,2,11,1,,0
3037,9867211,56,2,single,rented,no,Chartered_Accountant,Munger,Bihar,2,14,1,,0
3040,3373735,44,4,single,rented,yes,Politician,Bhimavaram,Andhra_Pradesh,4,13,1,,0
3044,1171826,44,8,single,rented,no,Computer_hardware_engineer,Salem,Tamil_Nadu,8,11,1,,0
3048,4190150,31,4,single,rented,no,Air_traffic_controller,Phagwara,Punjab,4,12,1,,0
3060,5737594,26,11,single,rented,no,Lawyer,Gurgaon,Haryana,10,12,1,,0
3061,915146,50,4,single,owned,no,Computer_operator,Gandhidham,Gujarat,4,13,1,,0
3062,5618577,52,8,single,owned,no,Aviator,Kolkata,West_Bengal,4,13,1,,0
3069,9819070,25,11,single,rented,no,Lawyer,Katihar,Bihar,6,10,1,,0
3072,6671351,28,14,single,rented,no,Technology_specialist,Munger,Bihar,13,12,1,,0
3080,8753453,52,14,single,rented,no,Geologist,Guntur[13],Andhra_Pradesh,7,11,1,,0
3084,1298318,30,1,single,rented,yes,Hotel_Manager,Suryapet,Telangana,1,12,1,,0
3090,5126123,41,1,single,rented,no,Psychologist,Malda,West_Bengal,1,12,1,,0
3100,1576494,36,5,single,rented,yes,Technology_specialist,Raurkela_Industrial_Township,Odisha,5,14,1,,0
3112,7872203,73,16,single,rented,no,Scientist,Fatehpur,Uttar_Pradesh,11,11,1,,0
3113,9558008,49,1,single,rented,no,Physician,Bhind,Madhya_Pradesh,1,11,1,,0
3115,3154685,27,1,single,rented,no,Chartered_Accountant,Gandhidham,Gujarat,1,12,1,,0
3122,670260,70,16,single,rented,no,Army_officer,Siwan[32],Bihar,14,14,1,,0
3125,1131868,46,10,single,rented,no,Geologist,Hazaribagh,Jharkhand,10,12,1,,0
3127,357702,76,6,single,owned,no,Official,Solapur,Maharashtra,3,13,1,,0
3132,6596959,40,5,single,rented,yes,Flight_attendant,Jamnagar,Gujarat,5,14,1,,0
3135,4816881,59,19,single,rented,no,Firefighter,Satna,Madhya_Pradesh,11,10,1,,0
3139,2065698,24,10,single,rented,yes,Mechanical_engineer,Chinsurah,West_Bengal,5,11,1,,0
3141,8897257,65,12,single,rented,no,Fashion_Designer,Siwan[32],Bihar,5,14,1,,0
3146,9760129,44,12,single,norent_noown,no,Chemical_engineer,Allahabad,Uttar_Pradesh[5],11,10,1,,0
3153,4080051,57,11,single,rented,yes,Firefighter,Tenali,Andhra_Pradesh,4,14,1,,0
3154,8732919,54,18,single,rented,no,Politician,Sikar,Rajasthan,5,13,1,,0
3157,5073397,41,9,single,rented,no,Computer_hardware_engineer,Bhind,Madhya_Pradesh,4,12,1,,0
3189,7134787,63,15,single,rented,no,Web_designer,Sambalpur,Odisha,12,12,1,,0
3194,9241052,69,2,single,rented,yes,Dentist,Thanjavur,Tamil_Nadu,2,13,1,,0
3197,5091752,66,2,single,rented,no,Chemical_engineer,Bhilwara,Rajasthan,2,11,1,,0
3199,1969104,28,9,single,rented,no,Police_officer,Tezpur,Assam,7,14,1,,0
3214,6940796,46,17,single,rented,no,Analyst,Bhiwandi,Maharashtra,9,11,1,,0
3233,2713971,74,2,single,rented,yes,Politician,Chittoor[28],Andhra_Pradesh,2,12,1,,0
3246,7864739,61,10,single,rented,no,Physician,Phusro,Jharkhand,5,11,1,,0
3249,21831,26,14,single,rented,yes,Comedian,Dindigul,Tamil_Nadu,5,10,1,,0
3253,7757947,62,5,single,rented,no,Air_traffic_controller,Shimla,Himachal_Pradesh,4,13,1,,0
3256,6815932,77,6,single,rented,yes,Fashion_Designer,Ulhasnagar,Maharashtra,6,14,1,,0
3264,4940114,43,8,single,rented,no,Economist,Kulti,West_Bengal,8,10,1,,0
3266,9173092,30,19,single,rented,no,Psychologist,Chapra,Bihar,9,11,1,,0
3281,7851638,51,9,single,rented,no,Engineer,Bidhannagar,West_Bengal,9,12,1,,0
3288,9181312,31,5,single,rented,no,Architect,Dhule,Maharashtra,5,13,1,,0
3297,9775983,65,6,single,rented,no,Biomedical_Engineer,Ranchi,Jharkhand,6,12,1,,0
3300,2499018,24,15,single,rented,no,Magistrate,Motihari[34],Bihar,8,13,1,,0
3307,8342442,30,17,single,rented,no,Chemical_engineer,Jammu[16],Jammu_and_Kashmir,11,10,1,,0
3308,9433222,48,14,single,rented,yes,Scientist,Silchar,Assam,10,11,1,,0
3318,4990273,58,2,single,rented,no,Computer_hardware_engineer,Haldia,West_Bengal,2,14,1,,0
3320,2570723,45,15,single,rented,no,Mechanical_engineer,Anand,Gujarat,6,12,1,,0
3332,429827,35,2,single,rented,no,Consultant,Silchar,Assam,2,14,1,,0
3340,74741,59,14,single,rented,yes,Graphic_Designer,Vellore,Tamil_Nadu,6,11,1,,0
3341,2474838,64,9,single,rented,no,Chemical_engineer,Chennai,Tamil_Nadu,8,10,1,,0
3342,5510769,41,19,single,rented,yes,Mechanical_engineer,Bardhaman,West_Bengal,8,12,1,,0
3356,5125951,56,10,single,rented,yes,Physician,Narasaraopet,Andhra_Pradesh,7,13,1,,0
3360,2541624,32,15,single,rented,no,Hotel_Manager,Agra,Uttar_Pradesh,3,12,1,,0
3369,4032575,50,8,single,rented,no,Financial_Analyst,Hindupur,Andhra_Pradesh,8,11,1,,0
3374,5305177,23,17,single,rented,no,Statistician,Etawah,Uttar_Pradesh,9,11,1,,0
3376,2503612,25,18,single,rented,no,Microbiologist,Saharanpur,Uttar_Pradesh,6,11,1,,0
3377,5388842,79,4,single,rented,no,Official,Satna,Madhya_Pradesh,4,12,1,,0
3379,2582117,54,11,single,rented,yes,Architect,Karnal,Haryana,3,14,1,,0
